retrievers,hit_rate,mrr,cost_time
ensemble_rerank_top_1_eval,0.8348909657320872,0.8348909657320872,2140632.404088974
ensemble_rerank_top_2_eval,0.9034267912772586,0.8785046728971962,2157657.287120819
ensemble_rerank_top_3_eval,0.9345794392523364,0.9008307372793353,2200800.935983658
ensemble_rerank_top_4_eval,0.9470404984423676,0.9078400830737278,2150398.734807968
ensemble_rerank_top_5_eval,0.9657320872274143,0.9098650051921081,2149122.938156128