retrievers,hit_rate,mrr,cost_time
ensemble_top_1_eval,0.7009345794392523,0.7009345794392523,1072.7379322052002
ensemble_top_2_eval,0.8535825545171339,0.7741433021806854,1088.8781547546387
ensemble_top_3_eval,0.8940809968847352,0.7928348909657321,980.7949066162109
ensemble_top_4_eval,0.9190031152647975,0.8016614745586708,935.1701736450195
ensemble_top_5_eval,0.9376947040498442,0.8078920041536861,868.2990074157715
