retrievers,hit_rate,mrr,cost_time
gemini-embedding-001_top_1_eval,0.719626168224299,0.719626168224299,145.71285247802734
gemini-embedding-001_top_2_eval,0.8286604361370716,0.7741433021806854,96.75407409667969
gemini-embedding-001_top_3_eval,0.881619937694704,0.7917964693665628,99.96414184570312
gemini-embedding-001_top_4_eval,0.9065420560747663,0.7980269989615782,107.85269737243652
gemini-embedding-001_top_5_eval,0.9283489096573209,0.8023883696780895,106.5373420715332
