retrievers,hit_rate,mrr,cost_time
embedding_top_1_eval,0.5919003115264797,0.5919003115264797,50.39501190185547
embedding_top_2_eval,0.7133956386292835,0.6526479750778816,52.02889442443848
embedding_top_3_eval,0.7725856697819314,0.6723779854620976,51.7120361328125
embedding_top_4_eval,0.794392523364486,0.6778296988577361,51.872968673706055
embedding_top_5_eval,0.822429906542056,0.6834371754932502,56.67304992675781
